Method,VDR_gain,F1_gain,WAF_gain,FPR_reduction
Random,0.0,0.0,0.0,0.0
RL-only,0.0,0.0,0.0,0.0
LLM-only,0.27349999999999997,0.27040000000000003,0.2869,-0.0864
SQLiRLLM,0.31620000000000004,0.3059,0.2907,-0.0905
